cuv|descripcion
517421|Hidra Perfection Corrector Facial
517437|Paleta Studio Look
517270|Billetera Goldie + Collar Flirty Star
517229|Plancha Hair Master
517499|Hydrafull
517385|Colorfix Mácara Dual Power
517514|Studio Look Labial líquido Metálico
517244|Mochila Lilly
517278|Bolso Petra + Bolso Frida
517245|Estuche Collar + Aretes Crescent Moon
517442|Colorfix Delineador Gel
517461|Studio Look Paleta de sombras personalizables 6 g
517212|Studio Look Paleta Cheek & Eyes
517474|Delineador Master Gel
517214|Máscara Extreme Curve
517492|Delineador de Labios
517205|Delineador Líquido Negro
517430|Studio Look Base
517433|Studio Look Polvo compacto
517353|Clarité
517358|Labial Hidracolor Óleo 6 ml
517449|Polvos Divine
517363|Esmalte 6 en 1
517466|HD Velvet
517381|Dúo Amplifiant
517285|Pack x 3 Rouge L'Intense Líquido
517322|Hydra Absolute
517472|Base Hydra Smart
517383|Polvos Sueltos
517204|Paleta Sombras 10g
517411|Rubor Cheek-a-Chic
517272|Estuche Arets x3 Guilam + Bolso Petra
517522|Infini Hydrasérum
517410|Rouge L'Intense Barra
517403|Twelve O'clock
517456|Line 4 Ever Punta Plumon
517227|Organizador Pretty Mirror
517342|Infini
517208|Infinity
517264|Estuche Artes x3 Souline + Collar Flirty Star
517434|Khali
517262|Utilitario Keep the Glow + Utilitarios Magic Stone
517316|Pack x 3 Mega Full Size
517424|Liner Illimité
517220|Estuche Collar + Aretes Wisdom
517250|Estuche Aretes x7 Trendy Colors
517478|Delineador de Cejas Brow Pen
517447|Studio Look Labial Mate en barra
517387|Perlas de Sol 20 g
517327|Corrector L'Bel
517276|Mochila Poline + Estuche Collar + Aretes Happy Foxy
517234|Reloj Rochelle
517414|Doceteto de Sombras HD
517518|Ready to Go
517237|Reloj Galene
517330|Base Pro Defense
517221|Perfectly Imperfect Collar
517210|Star glow
517311|Pack x 3 Colorfix Labiales Iconic
517504|Studio Look Sombras Refill 2 g
517496|Delineador con Difuminador
517266|Estuche Artes x3 Souline + Bolso Petra
517319|Pack x 3 Studio Look Delineadores Plumón
517337|Polvos control de Brillo
517483|Hidracolor XT
517396|Crayon Lips
517241|Estuche Aretes x4 Élan
517487|Studio Look Corrector
517254|Billetera Goldie
517259|Collar Flirty Star
517260|Reloj Marmell
517251|Pack x 2 Bolso Verona
517454|Twist
517225|Reloj Greenland
517280|Bolso Verona + Collar Flirty Star
517228|Tripode Selfie Memori
517219|Collar Falling Chains
517418|Color intense
517203|Studio Look Wow Brow Duo
517239|Estuche Collar + Aretes The One
517200|Effet Parfait Base
517207|Corrector Facial
517236|Estuche Collar + Aretes Pearl
517258|Brochas de Uñas Nail Artist
517231|Estuche Collar + Aretes Shiny Owl
517252|Portalaptop Teddy
517261|Porta Laptop Flower Power
517427|Lash Power
517338|Delineador Líquido Punta Plumón
517206|Gel Retexturizante
517217|HD Divina
517253|Utilitarios Magic Stone
517240|Estuche Aretes x7 Riddle
517274|Pulsera Love You + Bolso Petra
517255|Soporte y Luz Starlet
517463|Delineador Lapiz para Ojos
517515|Esmalte Khali Prismatic
517257|Mochila Simone
517242|Billetera Nua
517209|Máscara Secret lash
517248|Reloj Jardine
517218|Khali Base + Brillo
517335|Polvos de Larga Duración
517268|Billetera Nua + Billetera Goldie
517235|Reloj Sensazione
517211|Delineador Cejas
517230|Estuche Collar + Aretes Swing Fly Glam
517490|Line 4 Ever Punta Pincel
517216|Studio Look Labial Glitter
517202|Studio Look Delineador de Ojos en Lapiz Efecto Gel
517238|Pulsera Love Feeling
517213|Máscara Mega Full Size
517224|Estuche Collar + Aretes Mystical Fantasy
517233|Estuche Collar + Aretes Seagate
517201|Delineador Líquido Punta Pincel
517222|Reloj Kielsyn
517389|Oh My Brow
517405|X-tra Time Mate
517215|Iluminador Glow Up
517243|Reloj Tuschell
517247|Estuche Collar + Aretes Lucky Me
517223|Reloj Bulgarian
517256|Utilitario Keep the Glow
517246|Reloj Midtown
517226|Utilitarios Amazing Lashes
517232|Collar My Power
517249|Estuche Aretes x7 Arcoiris Party
